features;encoder;scaler;model;pipe;acc;f1;auc;acc-std;f1-std;auc-std
FeatureSelection(categoricals=['pclass', 'sex', 'sibsp', 'parch', 'cabin', 'embarked', 'missing_age', 'cabin_type'], numericals=['age', 'fare'], target='survived');MeanTargetEncoder(target=survived, alpha=5);MaxAbsScaler();RandomForestClassifier(max_depth=5);"Pipeline(steps=[('transform',
                 ColumnTransformer(remainder='passthrough',
                                   transformers=[('categories',
                                                  MeanTargetEncoder(target=survived, alpha=5),
                                                  ['pclass', 'sex', 'sibsp',
                                                   'parch', 'cabin', 'embarked',
                                                   'missing_age',
                                                   'cabin_type'])])),
                ('scale', MaxAbsScaler()),
                ('clf', RandomForestClassifier(max_depth=5))])";0.8148013307388112;0.7342103352629669;0.846042478873436;0.021524394285524266;0.03640050710202661;0.022252446216946994
FeatureSelection(categoricals=['pclass', 'sex', 'sibsp', 'parch', 'cabin', 'embarked', 'missing_age', 'cabin_type'], numericals=['age', 'fare'], target='survived');OneHotEncoder(handle_unknown='ignore');MaxAbsScaler();RandomForestClassifier(max_depth=5);"Pipeline(steps=[('transform',
                 ColumnTransformer(remainder='passthrough',
                                   transformers=[('categories',
                                                  OneHotEncoder(handle_unknown='ignore'),
                                                  ['pclass', 'sex', 'sibsp',
                                                   'parch', 'cabin', 'embarked',
                                                   'missing_age',
                                                   'cabin_type'])])),
                ('scale', MaxAbsScaler()),
                ('clf', RandomForestClassifier(max_depth=5))])";0.796924235766744;0.6890459555733776;0.8523112456409013;0.04776797891509325;0.09472287852919849;0.033252217999964306
FeatureSelection(categoricals=['pclass', 'sex', 'sibsp', 'parch', 'cabin', 'embarked', 'missing_age', 'cabin_type'], numericals=['age', 'fare'], target='survived');OrdinalEncoder(handle_unknown='use_encoded_value', unknown_value=-1);MaxAbsScaler();RandomForestClassifier(max_depth=5);"Pipeline(steps=[('transform',
                 ColumnTransformer(remainder='passthrough',
                                   transformers=[('categories',
                                                  OrdinalEncoder(handle_unknown='use_encoded_value',
                                                                 unknown_value=-1),
                                                  ['pclass', 'sex', 'sibsp',
                                                   'parch', 'cabin', 'embarked',
                                                   'missing_age',
                                                   'cabin_type'])])),
                ('scale', MaxAbsScaler()),
                ('clf', RandomForestClassifier(max_depth=5))])";0.8159625886636117;0.7326151444184232;0.8678691008865934;0.03520749677046616;0.06381470176282877;0.03369059816723798
FeatureSelection(categoricals=['pclass', 'sex', 'sibsp', 'parch', 'cabin', 'embarked', 'missing_age', 'cabin_type'], numericals=['age', 'fare'], target='survived');MeanTargetEncoder(target=survived, alpha=5);MaxAbsScaler();LogisticRegression(max_iter=500);"Pipeline(steps=[('transform',
                 ColumnTransformer(remainder='passthrough',
                                   transformers=[('categories',
                                                  MeanTargetEncoder(target=survived, alpha=5),
                                                  ['pclass', 'sex', 'sibsp',
                                                   'parch', 'cabin', 'embarked',
                                                   'missing_age',
                                                   'cabin_type'])])),
                ('scale', MaxAbsScaler()),
                ('clf', LogisticRegression(max_iter=500))])";0.7856568953612454;0.7122560261550139;0.8458439675647782;0.02265738126484319;0.04393714171815591;0.023494230458108074
FeatureSelection(categoricals=['pclass', 'sex', 'sibsp', 'parch', 'cabin', 'embarked', 'missing_age', 'cabin_type'], numericals=['age', 'fare'], target='survived');OneHotEncoder(handle_unknown='ignore');MaxAbsScaler();LogisticRegression(max_iter=500);"Pipeline(steps=[('transform',
                 ColumnTransformer(remainder='passthrough',
                                   transformers=[('categories',
                                                  OneHotEncoder(handle_unknown='ignore'),
                                                  ['pclass', 'sex', 'sibsp',
                                                   'parch', 'cabin', 'embarked',
                                                   'missing_age',
                                                   'cabin_type'])])),
                ('scale', MaxAbsScaler()),
                ('clf', LogisticRegression(max_iter=500))])";0.806973824618668;0.737435838590349;0.8504162632158005;0.01322294602293661;0.03197414629613858;0.02558852024688653
FeatureSelection(categoricals=['pclass', 'sex', 'sibsp', 'parch', 'cabin', 'embarked', 'missing_age', 'cabin_type'], numericals=['age', 'fare'], target='survived');OrdinalEncoder(handle_unknown='use_encoded_value', unknown_value=-1);MaxAbsScaler();LogisticRegression(max_iter=500);"Pipeline(steps=[('transform',
                 ColumnTransformer(remainder='passthrough',
                                   transformers=[('categories',
                                                  OrdinalEncoder(handle_unknown='use_encoded_value',
                                                                 unknown_value=-1),
                                                  ['pclass', 'sex', 'sibsp',
                                                   'parch', 'cabin', 'embarked',
                                                   'missing_age',
                                                   'cabin_type'])])),
                ('scale', MaxAbsScaler()),
                ('clf', LogisticRegression(max_iter=500))])";0.7934906785512522;0.7210617475400315;0.8493023019699436;0.03471704427849374;0.04438322374653045;0.019617654025666554
FeatureSelection(categoricals=['pclass', 'sex', 'sibsp', 'parch', 'cabin', 'embarked', 'missing_age', 'cabin_type'], numericals=['age', 'fare'], target='survived');MeanTargetEncoder(target=survived, alpha=5);MaxAbsScaler();KNeighborsClassifier(n_neighbors=10);"Pipeline(steps=[('transform',
                 ColumnTransformer(remainder='passthrough',
                                   transformers=[('categories',
                                                  MeanTargetEncoder(target=survived, alpha=5),
                                                  ['pclass', 'sex', 'sibsp',
                                                   'parch', 'cabin', 'embarked',
                                                   'missing_age',
                                                   'cabin_type'])])),
                ('scale', MaxAbsScaler()),
                ('clf', KNeighborsClassifier(n_neighbors=10))])";0.8069424392693492;0.7081359644436378;0.8414511501162718;0.025449448712797397;0.0382007766958174;0.0369859179765843
FeatureSelection(categoricals=['pclass', 'sex', 'sibsp', 'parch', 'cabin', 'embarked', 'missing_age', 'cabin_type'], numericals=['age', 'fare'], target='survived');OneHotEncoder(handle_unknown='ignore');MaxAbsScaler();KNeighborsClassifier(n_neighbors=10);"Pipeline(steps=[('transform',
                 ColumnTransformer(remainder='passthrough',
                                   transformers=[('categories',
                                                  OneHotEncoder(handle_unknown='ignore'),
                                                  ['pclass', 'sex', 'sibsp',
                                                   'parch', 'cabin', 'embarked',
                                                   'missing_age',
                                                   'cabin_type'])])),
                ('scale', MaxAbsScaler()),
                ('clf', KNeighborsClassifier(n_neighbors=10))])";0.7991023790094782;0.6980368313199703;0.8388261560603363;0.022251714657069238;0.0529536003250044;0.03791264838971474
FeatureSelection(categoricals=['pclass', 'sex', 'sibsp', 'parch', 'cabin', 'embarked', 'missing_age', 'cabin_type'], numericals=['age', 'fare'], target='survived');OrdinalEncoder(handle_unknown='use_encoded_value', unknown_value=-1);MaxAbsScaler();KNeighborsClassifier(n_neighbors=10);"Pipeline(steps=[('transform',
                 ColumnTransformer(remainder='passthrough',
                                   transformers=[('categories',
                                                  OrdinalEncoder(handle_unknown='use_encoded_value',
                                                                 unknown_value=-1),
                                                  ['pclass', 'sex', 'sibsp',
                                                   'parch', 'cabin', 'embarked',
                                                   'missing_age',
                                                   'cabin_type'])])),
                ('scale', MaxAbsScaler()),
                ('clf', KNeighborsClassifier(n_neighbors=10))])";0.797966229364133;0.6969839508800675;0.8416966131455558;0.030095354019713864;0.04721197943658406;0.03769977018557729
FeatureSelection(categoricals=['pclass', 'sex', 'sibsp', 'parch', 'cabin', 'embarked', 'missing_age', 'cabin_type'], numericals=['age', 'fare'], target='survived');MeanTargetEncoder(target=survived, alpha=5);MaxAbsScaler();LGBMClassifier();"Pipeline(steps=[('transform',
                 ColumnTransformer(remainder='passthrough',
                                   transformers=[('categories',
                                                  MeanTargetEncoder(target=survived, alpha=5),
                                                  ['pclass', 'sex', 'sibsp',
                                                   'parch', 'cabin', 'embarked',
                                                   'missing_age',
                                                   'cabin_type'])])),
                ('scale', MaxAbsScaler()), ('clf', LGBMClassifier())])";0.7845207457158999;0.690860870124028;0.8109374518578842;0.0385686396583843;0.07729071686913315;0.040245728071504394
FeatureSelection(categoricals=['pclass', 'sex', 'sibsp', 'parch', 'cabin', 'embarked', 'missing_age', 'cabin_type'], numericals=['age', 'fare'], target='survived');OneHotEncoder(handle_unknown='ignore');MaxAbsScaler();LGBMClassifier();"Pipeline(steps=[('transform',
                 ColumnTransformer(remainder='passthrough',
                                   transformers=[('categories',
                                                  OneHotEncoder(handle_unknown='ignore'),
                                                  ['pclass', 'sex', 'sibsp',
                                                   'parch', 'cabin', 'embarked',
                                                   'missing_age',
                                                   'cabin_type'])])),
                ('scale', MaxAbsScaler()), ('clf', LGBMClassifier())])";0.8249576297784195;0.7649745912796357;0.8654217231995365;0.03507851210933316;0.05475959291612837;0.035895104103512536
FeatureSelection(categoricals=['pclass', 'sex', 'sibsp', 'parch', 'cabin', 'embarked', 'missing_age', 'cabin_type'], numericals=['age', 'fare'], target='survived');OrdinalEncoder(handle_unknown='use_encoded_value', unknown_value=-1);MaxAbsScaler();LGBMClassifier();"Pipeline(steps=[('transform',
                 ColumnTransformer(remainder='passthrough',
                                   transformers=[('categories',
                                                  OrdinalEncoder(handle_unknown='use_encoded_value',
                                                                 unknown_value=-1),
                                                  ['pclass', 'sex', 'sibsp',
                                                   'parch', 'cabin', 'embarked',
                                                   'missing_age',
                                                   'cabin_type'])])),
                ('scale', MaxAbsScaler()), ('clf', LGBMClassifier())])";0.8148327160881299;0.755175905486518;0.8682382935241237;0.0273535014293659;0.04581172493722859;0.03440396153643218
